{
  "timestamp": "2026-04-27 18:26:36",
  "disease": "measles",
  "disease_display": "Measles (2025 Texas)",
  "R0": 15.0,
  "n_replications": 200,
  "population_size": 10000,
  "per_scenario": {
    "baseline": {
      "attack_rate": {
        "mean": 0.579371,
        "std": 0.010249637017963126,
        "ci": [
          0.579371,
          0.5779699875000001,
          0.5807690624999999
        ]
      },
      "peak_incidence": {
        "mean": 774.615,
        "std": 36.21155582131207,
        "ci": [
          774.615,
          769.655,
          779.6
        ]
      },
      "peak_timing": {
        "mean": 59.63,
        "std": 3.8487790271721236
      },
      "hospital_days": {
        "mean": 7685.648879999999,
        "std": 151.4968151391494,
        "ci": [
          7685.648879999999,
          7664.080359,
          7706.492000999999
        ]
      },
      "total_infections": {
        "mean": 5793.71,
        "std": 102.49637017963123
      },
      "epidemic_duration": {
        "mean": 311.93,
        "std": 34.375792354504355
      }
    },
    "patient_ai": {
      "attack_rate": {
        "mean": 0.469496,
        "std": 0.012132830832085313,
        "ci": [
          0.469496,
          0.46784795,
          0.47114552499999995
        ]
      },
      "peak_incidence": {
        "mean": 605.29,
        "std": 33.32800474075818,
        "ci": [
          605.29,
          600.6748749999999,
          609.97
        ]
      },
      "peak_timing": {
        "mean": 60.915,
        "std": 4.341402423180786
      },
      "hospital_days": {
        "mean": 6223.00848,
        "std": 172.10659991415088,
        "ci": [
          6223.00848,
          6199.8080039999995,
          6246.8734185
        ]
      },
      "total_infections": {
        "mean": 4694.96,
        "std": 121.32830832085313
      },
      "epidemic_duration": {
        "mean": 324.325,
        "std": 33.920633469910314
      }
    },
    "system_ai": {
      "attack_rate": {
        "mean": 0.46144199999999996,
        "std": 0.010889611379659055,
        "ci": [
          0.46144199999999996,
          0.459949975,
          0.4629665
        ]
      },
      "peak_incidence": {
        "mean": 518.66,
        "std": 35.595707606395464,
        "ci": [
          518.66,
          513.79,
          523.645125
        ]
      },
      "peak_timing": {
        "mean": 59.185,
        "std": 5.250788036095153
      },
      "hospital_days": {
        "mean": 4931.426759999999,
        "std": 130.69405404157598,
        "ci": [
          4931.426759999999,
          4913.579502,
          4949.87961
        ]
      },
      "total_infections": {
        "mean": 4614.42,
        "std": 108.89611379659056
      },
      "epidemic_duration": {
        "mean": 291.66,
        "std": 38.68054291242562
      }
    },
    "combined": {
      "attack_rate": {
        "mean": 0.32350249999999997,
        "std": 0.012205267049515961,
        "ci": [
          0.32350249999999997,
          0.3218469875,
          0.3252105125
        ]
      },
      "peak_incidence": {
        "mean": 332.56,
        "std": 26.693752077967606,
        "ci": [
          332.56,
          328.934875,
          336.30012500000004
        ]
      },
      "peak_timing": {
        "mean": 65.775,
        "std": 7.103124312582457
      },
      "hospital_days": {
        "mean": 3453.138,
        "std": 136.54019840091053,
        "ci": [
          3453.138,
          3434.1462479999996,
          3472.348815
        ]
      },
      "total_infections": {
        "mean": 3235.025,
        "std": 122.05267049515959
      },
      "epidemic_duration": {
        "mean": 277.145,
        "std": 40.112641087318096
      }
    }
  },
  "comparisons": {
    "baseline_vs_patient_ai": {
      "attack_rate": {
        "mean_diff": 0.109875,
        "ci_lower": 0.10795284399931053,
        "ci_upper": 0.11179715600068947,
        "p_value": 2.952205195136525e-182,
        "cohens_d": 7.970629068373278,
        "t_statistic": 112.7217172913872,
        "n": 200
      },
      "peak_incidence": {
        "mean_diff": 169.325,
        "ci_lower": 163.94771051601734,
        "ci_upper": 174.70228948398264,
        "p_value": 3.207232143533862e-132,
        "cohens_d": 4.390763138155406,
        "t_statistic": 62.09476779147227,
        "n": 200
      },
      "hospital_days": {
        "mean_diff": 1462.6403999999998,
        "ci_lower": 1433.973228450045,
        "ci_upper": 1491.3075715499544,
        "p_value": 1.3286790099404768e-172,
        "cohens_d": 7.1143472969840875,
        "t_statistic": 100.61206434827267,
        "n": 200
      }
    },
    "baseline_vs_system_ai": {
      "attack_rate": {
        "mean_diff": 0.11792899999999999,
        "ci_lower": 0.11600892162267865,
        "ci_upper": 0.11984907837732134,
        "p_value": 2.2483463747719068e-188,
        "cohens_d": 8.564144795204388,
        "t_statistic": 121.11529719504998,
        "n": 200
      },
      "peak_incidence": {
        "mean_diff": 255.955,
        "ci_lower": 250.72779069889242,
        "ci_upper": 261.1822093011076,
        "p_value": 4.039785493363012e-169,
        "cohens_d": 6.827725778660582,
        "t_statistic": 96.55862396346197,
        "n": 200
      },
      "hospital_days": {
        "mean_diff": 2754.22212,
        "ci_lower": 2727.575800121176,
        "ci_upper": 2780.8684398788237,
        "p_value": 5.493256777268992e-233,
        "cohens_d": 14.412657530789595,
        "t_statistic": 203.82575749881372,
        "n": 200
      }
    },
    "baseline_vs_combined": {
      "attack_rate": {
        "mean_diff": 0.2558685,
        "ci_lower": 0.25392694448249087,
        "ci_upper": 0.25781005551750913,
        "p_value": 6.65629969316685e-254,
        "cohens_d": 18.375931027273644,
        "t_statistic": 259.8749088000295,
        "n": 200
      },
      "peak_incidence": {
        "mean_diff": 442.055,
        "ci_lower": 437.11965760766407,
        "ci_upper": 446.99034239233595,
        "p_value": 1.1226187761886152e-220,
        "cohens_d": 12.48939387471891,
        "t_statistic": 176.62670203446945,
        "n": 200
      },
      "hospital_days": {
        "mean_diff": 4232.51088,
        "ci_lower": 4207.242681182584,
        "ci_upper": 4257.779078817415,
        "p_value": 1.3937646114878448e-274,
        "cohens_d": 23.35641268300922,
        "t_statistic": 330.3095558469461,
        "n": 200
      }
    },
    "patient_ai_vs_system_ai": {
      "attack_rate": {
        "mean_diff": 0.008053999999999999,
        "ci_lower": 0.005900043001288909,
        "ci_upper": 0.010207956998711088,
        "p_value": 4.376842615847373e-12,
        "cohens_d": 0.5213830866398846,
        "t_statistic": 7.373470323180714,
        "n": 200
      },
      "peak_incidence": {
        "mean_diff": 86.63,
        "ci_lower": 81.23022032917781,
        "ci_upper": 92.02977967082218,
        "p_value": 1.4217291950462123e-79,
        "cohens_d": 2.237044468950642,
        "t_statistic": 31.636586276217155,
        "n": 200
      },
      "hospital_days": {
        "mean_diff": 1291.58172,
        "ci_lower": 1261.927384333546,
        "ci_upper": 1321.236055666454,
        "p_value": 3.097501166813001e-159,
        "cohens_d": 6.073178319232707,
        "t_statistic": 85.88771145769132,
        "n": 200
      }
    },
    "patient_ai_vs_combined": {
      "attack_rate": {
        "mean_diff": 0.1459935,
        "ci_lower": 0.14373178845341902,
        "ci_upper": 0.14825521154658097,
        "p_value": 1.2854083568222476e-192,
        "cohens_d": 9.000748929765413,
        "t_statistic": 127.28981207989368,
        "n": 200
      },
      "peak_incidence": {
        "mean_diff": 272.73,
        "ci_lower": 267.929809437824,
        "ci_upper": 277.530190562176,
        "p_value": 9.69569322060011e-182,
        "cohens_d": 7.922400184416898,
        "t_statistic": 112.03965787349485,