{
  "timestamp": "2026-04-27 18:03:32",
  "disease": "ebola",
  "disease_display": "Ebola (2014 West Africa)",
  "R0": 1.8,
  "n_replications": 200,
  "population_size": 10000,
  "per_scenario": {
    "baseline": {
      "attack_rate": {
        "mean": 0.032478999999999994,
        "std": 0.02889029696974401,
        "ci": [
          0.032478999999999994,
          0.028613412500000004,
          0.036571675
        ]
      },
      "peak_incidence": {
        "mean": 29.22,
        "std": 13.577982177039415,
        "ci": [
          29.22,
          27.354875,
          31.155
        ]
      },
      "peak_timing": {
        "mean": 63.805,
        "std": 65.10450810043803
      },
      "hospital_days": {
        "mean": 1854.6431999999998,
        "std": 1658.8065894219737,
        "ci": [
          1854.6431999999998,
          1631.6154049999998,
          2093.4743399999998
        ]
      },
      "total_infections": {
        "mean": 324.79,
        "std": 288.90296969744014
      },
      "epidemic_duration": {
        "mean": 189.7,
        "std": 92.02874550921577
      }
    },
    "patient_ai": {
      "attack_rate": {
        "mean": 0.015323999999999999,
        "std": 0.013114306081527914,
        "ci": [
          0.015323999999999999,
          0.0135539875,
          0.0172040375
        ]
      },
      "peak_incidence": {
        "mean": 20.18,
        "std": 8.423633420324036,
        "ci": [
          20.18,
          19.06,
          21.380124999999996
        ]
      },
      "peak_timing": {
        "mean": 35.025,
        "std": 37.042332202495025
      },
      "hospital_days": {
        "mean": 871.0892,
        "std": 750.2454553833431,
        "ci": [
          871.0892,
          773.1437249999999,
          978.2359949999998
        ]
      },
      "total_infections": {
        "mean": 153.24,
        "std": 131.14306081527914
      },
      "epidemic_duration": {
        "mean": 131.055,
        "std": 71.32791862237396
      }
    },
    "system_ai": {
      "attack_rate": {
        "mean": 0.012805500000000001,
        "std": 0.007756856305875468,
        "ci": [
          0.012805500000000001,
          0.011768487499999999,
          0.013906024999999999
        ]
      },
      "peak_incidence": {
        "mean": 21.04,
        "std": 6.943947004406068,
        "ci": [
          21.04,
          20.08,
          22.02
        ]
      },
      "peak_timing": {
        "mean": 22.91,
        "std": 15.122231978117517
      },
      "hospital_days": {
        "mean": 652.7564,
        "std": 368.20523727269284,
        "ci": [
          652.7564,
          603.7079950000001,
          705.2648950000001
        ]
      },
      "total_infections": {
        "mean": 128.055,
        "std": 77.56856305875468
      },
      "epidemic_duration": {
        "mean": 106.805,
        "std": 44.51558126094727
      }
    },
    "combined": {
      "attack_rate": {
        "mean": 0.0078935,
        "std": 0.0036706821913644336,
        "ci": [
          0.0078935,
          0.0073999875,
          0.0084125
        ]
      },
      "peak_incidence": {
        "mean": 17.255,
        "std": 4.9608441821931875,
        "ci": [
          17.255,
          16.6,
          17.97
        ]
      },
      "peak_timing": {
        "mean": 19.33,
        "std": 13.438046733063551
      },
      "hospital_days": {
        "mean": 416.309,
        "std": 186.32855750796767,
        "ci": [
          416.309,
          391.23242,
          442.31743500000005
        ]
      },
      "total_infections": {
        "mean": 78.935,
        "std": 36.70682191364433
      },
      "epidemic_duration": {
        "mean": 80.65,
        "std": 28.323797414894774
      }
    }
  },
  "comparisons": {
    "baseline_vs_patient_ai": {
      "attack_rate": {
        "mean_diff": 0.017155,
        "ci_lower": 0.012870306444712171,
        "ci_upper": 0.02143969355528783,
        "p_value": 1.910580919766517e-13,
        "cohens_d": 0.558281579446315,
        "t_statistic": 7.895293812760511,
        "n": 200
      },
      "peak_incidence": {
        "mean_diff": 9.04,
        "ci_lower": 6.943882118900131,
        "ci_upper": 11.136117881099867,
        "p_value": 4.331547104882796e-15,
        "cohens_d": 0.6013607378313137,
        "t_statistic": 8.504525113197351,
        "n": 200
      },
      "hospital_days": {
        "mean_diff": 983.554,
        "ci_lower": 737.2383815953024,
        "ci_upper": 1229.8696184046976,
        "p_value": 2.1736530590744358e-13,
        "cohens_d": 0.5567863770957725,
        "t_statistic": 7.874148458334219,
        "n": 200
      }
    },
    "baseline_vs_system_ai": {
      "attack_rate": {
        "mean_diff": 0.0196735,
        "ci_lower": 0.01538168125143258,
        "ci_upper": 0.02396531874856742,
        "p_value": 1.409510056288654e-16,
        "cohens_d": 0.6391791493243296,
        "t_statistic": 9.039358217605646,
        "n": 200
      },
      "peak_incidence": {
        "mean_diff": 8.18,
        "ci_lower": 6.009102659664887,
        "ci_upper": 10.350897340335113,
        "p_value": 3.1274539592992095e-12,
        "cohens_d": 0.5254076108196044,
        "t_statistic": 7.430385689951294,
        "n": 200
      },
      "hospital_days": {
        "mean_diff": 1201.8868,
        "ci_lower": 959.3749568090185,
        "ci_upper": 1444.3986431909814,
        "p_value": 1.1279710204027722e-18,
        "cohens_d": 0.6910555439113195,
        "t_statistic": 9.773001225525041,
        "n": 200
      }
    },
    "baseline_vs_combined": {
      "attack_rate": {
        "mean_diff": 0.024585499999999996,
        "ci_lower": 0.020457706880393133,
        "ci_upper": 0.02871329311960686,
        "p_value": 1.5351125522812933e-24,
        "cohens_d": 0.830507319993778,
        "t_statistic": 11.745147155853326,
        "n": 200
      },
      "peak_incidence": {
        "mean_diff": 11.965,
        "ci_lower": 9.905961740939537,
        "ci_upper": 14.024038259060463,
        "p_value": 1.1284828504373692e-23,
        "cohens_d": 0.8102716220920281,
        "t_statistic": 11.458971171685935,
        "n": 200
      },
      "hospital_days": {
        "mean_diff": 1438.3341999999998,
        "ci_lower": 1202.2691032629457,
        "ci_upper": 1674.3992967370539,
        "p_value": 2.3217368687430757e-25,
        "cohens_d": 0.8495919131642011,
        "t_statistic": 12.015044060793183,
        "n": 200
      }
    },
    "patient_ai_vs_system_ai": {
      "attack_rate": {
        "mean_diff": 0.0025185000000000003,
        "ci_lower": 0.0003258462832611696,
        "ci_upper": 0.004711153716738831,
        "p_value": 0.024589701654132795,
        "cohens_d": 0.1601600693228955,
        "t_statistic": 2.265005421870539,
        "n": 200
      },
      "peak_incidence": {
        "mean_diff": -0.86,
        "ci_lower": -2.345775303540952,
        "ci_upper": 0.625775303540952,
        "p_value": 0.25506991711296273,
        "cohens_d": -0.08071005780869529,
        "t_statistic": -1.1414125837297342,
        "n": 200
      },
      "hospital_days": {
        "mean_diff": 218.3328,
        "ci_lower": 98.88163789411038,
        "ci_upper": 337.7839621058896,
        "p_value": 0.00039548439783972805,
        "cohens_d": 0.2548654393218577,
        "t_statistic": 3.604341608691483,
        "n": 200
      }
    },
    "patient_ai_vs_combined": {
      "attack_rate": {
        "mean_diff": 0.0074305,
        "ci_lower": 0.005523825499972506,
        "ci_upper": 0.009337174500027494,
        "p_value": 6.842561189871682e-13,
        "cohens_d": 0.5434052407733865,
        "t_statistic": 7.684910613663403,
        "n": 200
      },
      "peak_incidence": {
        "mean_diff": 2.925,
        "ci_lower": 1.617330202941323,
        "ci_upper": 4.232669797058676,
        "p_value": 1.6845518520873274e-05,
        "cohens_d": 0.3118962260015694,
        "t_statistic": 4.410878728644034,
        "n": 200
      },