{
  "timestamp": "2026-04-27 18:03:27",
  "disease": "influenza",
  "disease_display": "Influenza (H3N2)",
  "R0": 1.7,
  "n_replications": 200,
  "population_size": 10000,
  "per_scenario": {
    "baseline": {
      "attack_rate": {
        "mean": 0.9986574999999999,
        "std": 6.0363482338241536e-05,
        "ci": [
          0.9986574999999999,
          0.9986489999999999,
          0.9986659999999999
        ]
      },
      "peak_incidence": {
        "mean": 4344.703529087675,
        "std": 46.235423749490906,
        "ci": [
          4344.703529087675,
          4338.313415671648,
          4351.041524206355
        ]
      },
      "peak_timing": {
        "mean": 13.055,
        "std": 0.24894778569009204
      },
      "hospital_days": {
        "mean": 913.9329029555078,
        "std": 10.882070923973474,
        "ci": [
          913.9329029555078,
          912.4167555065355,
          915.4518489102153
        ]
      },
      "total_infections": {
        "mean": 9986.575,
        "std": 0.6036348233824818
      },
      "epidemic_duration": {
        "mean": 56.89,
        "std": 2.56474170239422
      }
    },
    "patient_ai": {
      "attack_rate": {
        "mean": 0.9823995000000001,
        "std": 0.00041406491037034363,
        "ci": [
          0.9823995000000001,
          0.982341,
          0.9824565000000001
        ]
      },
      "peak_incidence": {
        "mean": 3326.5131322276634,
        "std": 37.56895761257081,
        "ci": [
          3326.5131322276634,
          3321.4040650595307,
          3331.739983717751
        ]
      },
      "peak_timing": {
        "mean": 16.99,
        "std": 0.45814844755821227
      },
      "hospital_days": {
        "mean": 894.7894228318854,
        "std": 6.913077470088002,
        "ci": [
          894.7894228318854,
          893.825396434393,
          895.7321320385236
        ]
      },
      "total_infections": {
        "mean": 9823.995,
        "std": 4.140649103703428
      },
      "epidemic_duration": {
        "mean": 62.965,
        "std": 2.616060970237506
      }
    },
    "system_ai": {
      "attack_rate": {
        "mean": 0.981725,
        "std": 0.0003717189798759225,
        "ci": [
          0.981725,
          0.9816735,
          0.981776
        ]
      },
      "peak_incidence": {
        "mean": 3621.095572732409,
        "std": 22.782628884392,
        "ci": [
          3621.095572732409,
          3617.9548872409277,
          3624.2942027154018
        ]
      },
      "peak_timing": {
        "mean": 16.37,
        "std": 0.5030904491242106
      },
      "hospital_days": {
        "mean": 884.7926747294887,
        "std": 8.90319823479864,
        "ci": [
          884.7926747294887,
          883.5478916306974,
          886.0476244822252
        ]
      },
      "total_infections": {
        "mean": 9817.25,
        "std": 3.7171897987592724
      },
      "epidemic_duration": {
        "mean": 55.925,
        "std": 2.179306082219751
      }
    },
    "combined": {
      "attack_rate": {
        "mean": 0.7087969999999999,
        "std": 0.008649380960508098,
        "ci": [
          0.7087969999999999,
          0.7075759375,
          0.709987525
        ]
      },
      "peak_incidence": {
        "mean": 1268.4,
        "std": 49.625598233169946,
        "ci": [
          1268.4,
          1261.46,
          1275.300125
        ]
      },
      "peak_timing": {
        "mean": 20.11,
        "std": 1.4992998365904
      },
      "hospital_days": {
        "mean": 670.1585579999999,
        "std": 8.660762583481667,
        "ci": [
          670.1585579999999,
          668.9562447,
          671.357469825
        ]
      },
      "total_infections": {
        "mean": 7087.97,
        "std": 86.49380960508098
      },
      "epidemic_duration": {
        "mean": 113.355,
        "std": 12.092930786207287
      }
    }
  },
  "comparisons": {
    "baseline_vs_patient_ai": {
      "attack_rate": {
        "mean_diff": 0.016258000000000036,
        "ci_lower": 0.016199116763717884,
        "ci_upper": 0.01631688323628219,
        "p_value": 0.0,
        "cohens_d": 38.49973944642016,
        "t_statistic": 544.4685367295782,
        "n": 200
      },
      "peak_incidence": {
        "mean_diff": 1018.1903968600113,
        "ci_lower": 1010.101310196405,
        "ci_upper": 1026.2794835236175,
        "p_value": 6.006889591806444e-250,
        "cohens_d": 17.551403504458737,
        "t_statistic": 248.21432874688216,
        "n": 200
      },
      "hospital_days": {
        "mean_diff": 19.143480123622258,
        "ci_lower": 17.418997670366284,
        "ci_upper": 20.86796257687823,
        "p_value": 6.95231661476472e-55,
        "cohens_d": 1.5479055390951482,
        "t_statistic": 21.89069006660796,
        "n": 200
      }
    },
    "baseline_vs_system_ai": {
      "attack_rate": {
        "mean_diff": 0.016932500000000034,
        "ci_lower": 0.016879473645923754,
        "ci_upper": 0.016985526354076314,
        "p_value": 0.0,
        "cohens_d": 44.525792619075645,
        "t_statistic": 629.6897979730865,
        "n": 200
      },
      "peak_incidence": {
        "mean_diff": 723.6079563552667,
        "ci_lower": 716.6752895032196,
        "ci_upper": 730.5406232073137,
        "p_value": 7.939268146891955e-234,
        "cohens_d": 14.554099681003306,
        "t_statistic": 205.82605157004812,
        "n": 200
      },
      "hospital_days": {
        "mean_diff": 29.14022822601898,
        "ci_lower": 27.04890659567708,
        "ci_upper": 31.23154985636088,
        "p_value": 1.184819282065678e-69,
        "cohens_d": 1.9429179557141532,
        "t_statistic": 27.47700923549164,
        "n": 200
      }
    },
    "baseline_vs_combined": {
      "attack_rate": {
        "mean_diff": 0.2898605,
        "ci_lower": 0.2886512085336932,
        "ci_upper": 0.29106979146630685,
        "p_value": 1.6332211266647301e-305,
        "cohens_d": 33.42261230332253,
        "t_statistic": 472.6671160929659,
        "n": 200
      },
      "peak_incidence": {
        "mean_diff": 3076.3035290876746,
        "ci_lower": 3067.0111992714897,
        "ci_upper": 3085.5958589038596,
        "p_value": 0.0,
        "cohens_d": 46.162243775664365,
        "t_statistic": 652.8327121711754,
        "n": 200
      },
      "hospital_days": {
        "mean_diff": 243.7743449555077,
        "ci_lower": 241.82617198449068,
        "ci_upper": 245.72251792652472,
        "p_value": 1.9419494679351155e-249,
        "cohens_d": 17.44788647630081,
        "t_statistic": 246.7503768953072,
        "n": 200
      }
    },
    "patient_ai_vs_system_ai": {
      "attack_rate": {
        "mean_diff": 0.0006744999999999979,
        "ci_lower": 0.0006010346685051985,
        "ci_upper": 0.0007479653314947973,
        "p_value": 6.120098459375555e-44,
        "cohens_d": 1.2802118823625497,
        "t_statistic": 18.10493006748307,
        "n": 200
      },
      "peak_incidence": {
        "mean_diff": -294.5824405047447,
        "ci_lower": -300.22304844188835,
        "ci_upper": -288.941832567601,
        "p_value": 1.3986135330714496e-174,
        "cohens_d": -7.282211430636938,
        "t_statistic": -102.98602169275138,
        "n": 200
      },
      "hospital_days": {
        "mean_diff": 9.996748102396726,
        "ci_lower": 8.393927476451466,
        "ci_upper": 11.599568728341985,
        "p_value": 3.160359225524675e-26,
        "cohens_d": 0.8696733637772432,
        "t_statistic": 12.299038658884077,
        "n": 200
      }
    },
    "patient_ai_vs_combined": {
      "attack_rate": {
        "mean_diff": 0.2736025,
        "ci_lower": 0.27239462444212015,
        "ci_upper": 0.2748103755578799,
        "p_value": 1.247208501619019e-300,
        "cohens_d": 31.584951228277475,
        "t_statistic": 446.67866393922753,
        "n": 200
      },
      "peak_incidence": {
        "mean_diff": 2058.1131322276633,