{
  "timestamp": "2026-04-27 18:03:21",
  "disease": "covid19",
  "disease_display": "COVID-19 (Delta)",
  "R0": 4.0,
  "n_replications": 200,
  "population_size": 10000,
  "per_scenario": {
    "baseline": {
      "attack_rate": {
        "mean": 0.9997410000000002,
        "std": 6.098360435395058e-05,
        "ci": [
          0.9997410000000002,
          0.9997325,
          0.9997495000000001
        ]
      },
      "peak_incidence": {
        "mean": 4101.942226327512,
        "std": 85.37318783241378,
        "ci": [
          4101.942226327512,
          4089.8246116212895,
          4113.719882799191
        ]
      },
      "peak_timing": {
        "mean": 33.835,
        "std": 2.1766430575544535
      },
      "hospital_days": {
        "mean": 8910.489473021005,
        "std": 26.947001291364366,
        "ci": [
          8910.489473021005,
          8906.841525411828,
          8914.18120244367
        ]
      },
      "total_infections": {
        "mean": 9997.41,
        "std": 0.6098360435395731
      },
      "epidemic_duration": {
        "mean": 122.28,
        "std": 4.8643190684822475
      }
    },
    "patient_ai": {
      "attack_rate": {
        "mean": 0.7173685000000001,
        "std": 0.013493022557974174,
        "ci": [
          0.7173685000000001,
          0.71547895,
          0.7192435375
        ]
      },
      "peak_incidence": {
        "mean": 1447.995,
        "std": 116.41561310666194,
        "ci": [
          1447.995,
          1431.874875,
          1464.180625
        ]
      },
      "peak_timing": {
        "mean": 38.31,
        "std": 4.288811024048507
      },
      "hospital_days": {
        "mean": 6234.813504000002,
        "std": 126.48151902672417,
        "ci": [
          6234.813504000002,
          6217.2840609,
          6252.5937276
        ]
      },
      "total_infections": {
        "mean": 7173.685,
        "std": 134.93022557974177
      },
      "epidemic_duration": {
        "mean": 192.08,
        "std": 25.99795376563317
      }
    },
    "system_ai": {
      "attack_rate": {
        "mean": 0.7283,
        "std": 0.012873251337560376,
        "ci": [
          0.7283,
          0.7265004749999999,
          0.7300970125
        ]
      },
      "peak_incidence": {
        "mean": 1608.335,
        "std": 139.20320676981547,
        "ci": [
          1608.335,
          1589.1145,
          1627.725375
        ]
      },
      "peak_timing": {
        "mean": 36.375,
        "std": 3.25028844873805
      },
      "hospital_days": {
        "mean": 5321.595744,
        "std": 113.41410543407409,
        "ci": [
          5321.595744,
          5306.1468786000005,
          5337.5254704
        ]
      },
      "total_infections": {
        "mean": 7283.0,
        "std": 128.73251337560376
      },
      "epidemic_duration": {
        "mean": 150.765,
        "std": 19.1452285178318
      }
    },
    "combined": {
      "attack_rate": {
        "mean": 0.5435945,
        "std": 0.024566143770441466,
        "ci": [
          0.5435945,
          0.540192475,
          0.5469910499999999
        ]
      },
      "peak_incidence": {
        "mean": 665.325,
        "std": 75.41358879538886,
        "ci": [
          665.325,
          654.709875,
          675.9401250000001
        ]
      },
      "peak_timing": {
        "mean": 41.205,
        "std": 9.176762773440316
      },
      "hospital_days": {
        "mean": 3870.9227700000006,
        "std": 176.81189063807196,
        "ci": [
          3870.9227700000006,
          3846.979711350001,
          3895.2235660500005
        ]
      },
      "total_infections": {
        "mean": 5435.945,
        "std": 245.66143770441465
      },
      "epidemic_duration": {
        "mean": 230.815,
        "std": 40.16355032862508
      }
    }
  },
  "comparisons": {
    "baseline_vs_patient_ai": {
      "attack_rate": {
        "mean_diff": 0.2823725,
        "ci_lower": 0.2804861664316571,
        "ci_upper": 0.284258833568343,
        "p_value": 6.912219113173841e-265,
        "cohens_d": 20.873066078025065,
        "t_statistic": 295.1897313585283,
        "n": 200
      },
      "peak_incidence": {
        "mean_diff": 2653.9472263275115,
        "ci_lower": 2634.2471727719458,
        "ci_upper": 2673.6472798830773,
        "p_value": 8.446125038880621e-256,
        "cohens_d": 18.784827800062335,
        "t_statistic": 265.65758241691304,
        "n": 200
      },
      "hospital_days": {
        "mean_diff": 2675.6759690210038,
        "ci_lower": 2657.9400190440415,
        "ci_upper": 2693.411918997966,
        "p_value": 1.477312009556306e-265,
        "cohens_d": 21.035914904787152,
        "t_statistic": 297.4927615527633,
        "n": 200
      }
    },
    "baseline_vs_system_ai": {
      "attack_rate": {
        "mean_diff": 0.27144100000000004,
        "ci_lower": 0.26964163404092617,
        "ci_upper": 0.2732403659590739,
        "p_value": 1.4930079891242507e-265,
        "cohens_d": 21.034795243611917,
        "t_statistic": 297.4769271525705,
        "n": 200
      },
      "peak_incidence": {
        "mean_diff": 2493.6072263275114,
        "ci_lower": 2471.180935783113,
        "ci_upper": 2516.03351687191,
        "p_value": 2.8682747041392566e-239,
        "cohens_d": 15.504327942237916,
        "t_statistic": 219.26430851393008,
        "n": 200
      },
      "hospital_days": {
        "mean_diff": 3588.893729021004,
        "ci_lower": 3572.6701553072044,
        "ci_upper": 3605.117302734804,
        "p_value": 1.38145507569143e-298,
        "cohens_d": 30.845826722137005,
        "t_statistic": 436.2258649305659,
        "n": 200
      }
    },
    "baseline_vs_combined": {
      "attack_rate": {
        "mean_diff": 0.45614650000000007,
        "ci_lower": 0.45271217875704556,
        "ci_upper": 0.4595808212429546,
        "p_value": 1.4102808882559878e-254,
        "cohens_d": 18.520204296452263,
        "t_statistic": 261.91524093963255,
        "n": 200
      },
      "peak_incidence": {
        "mean_diff": 3436.6172263275116,
        "ci_lower": 3420.9805496909084,
        "ci_upper": 3452.253902964115,
        "p_value": 5.03957203404973e-298,
        "cohens_d": 30.645665009178174,
        "t_statistic": 433.3951508392238,
        "n": 200
      },
      "hospital_days": {
        "mean_diff": 5039.566703021005,
        "ci_lower": 5014.816949223304,
        "ci_upper": 5064.316456818707,
        "p_value": 1.9706054499332474e-291,
        "cohens_d": 28.39256686003518,
        "t_statistic": 401.5315312404664,
        "n": 200
      }
    },
    "patient_ai_vs_system_ai": {
      "attack_rate": {
        "mean_diff": -0.010931499999999993,
        "ci_lower": -0.013549254262896443,
        "ci_upper": -0.008313745737103544,
        "p_value": 2.3550375405349177e-14,
        "cohens_d": -0.5822818136060612,
        "t_statistic": -8.234708379248945,
        "n": 200
      },
      "peak_incidence": {
        "mean_diff": -160.34,
        "ci_lower": -184.6468546877538,
        "ci_upper": -136.0331453122462,
        "p_value": 2.1276668961550897e-28,
        "cohens_d": -0.9198043454100929,
        "t_statistic": -13.007997800086603,
        "n": 200
      },
      "hospital_days": {
        "mean_diff": 913.2177600000001,
        "ci_lower": 889.146394342384,
        "ci_upper": 937.2891256576162,
        "p_value": 1.1624437878851138e-147,
        "cohens_d": 5.290003522440598,
        "t_statistic": 74.81194726436941,
        "n": 200
      }
    },
    "patient_ai_vs_combined": {
      "attack_rate": {
        "mean_diff": 0.173774,
        "ci_lower": 0.16993439160454188,
        "ci_upper": 0.17761360839545814,
        "p_value": 1.812825287338171e-162,
        "cohens_d": 6.310738837483285,
        "t_statistic": 89.24732452563482,
        "n": 200
      },
      "peak_incidence": {
        "mean_diff": 782.67,
        "ci_lower": 763.6005295121435,