{
  "timestamp": "2026-04-27 18:03:37",
  "disease": "dengue",
  "disease_display": "Dengue",
  "R0": 3.0,
  "n_replications": 200,
  "population_size": 10000,
  "per_scenario": {
    "baseline": {
      "attack_rate": {
        "mean": 0.9996055000000003,
        "std": 5.1183493432936195e-05,
        "ci": [
          0.9996055000000003,
          0.9995985000000002,
          0.9996125000000003
        ]
      },
      "peak_incidence": {
        "mean": 2963.5769255540044,
        "std": 15.012874990617856,
        "ci": [
          2963.5769255540044,
          2961.5133235910034,
          2965.6902664265094
        ]
      },
      "peak_timing": {
        "mean": 22.475,
        "std": 0.5573374202401988
      },
      "hospital_days": {
        "mean": 7685.106847052864,
        "std": 16.924938136640943,
        "ci": [
          7685.106847052864,
          7682.841319559969,
          7687.458501703054
        ]
      },
      "total_infections": {
        "mean": 9996.055,
        "std": 0.5118349343294184
      },
      "epidemic_duration": {
        "mean": 79.96125,
        "std": 3.2814914196901386
      }
    },
    "patient_ai": {
      "attack_rate": {
        "mean": 0.993977,
        "std": 0.00035152667039642404,
        "ci": [
          0.993977,
          0.9939275,
          0.9940260000000001
        ]
      },
      "peak_incidence": {
        "mean": 2348.7807474651177,
        "std": 46.21926747123625,
        "ci": [
          2348.7807474651177,
          2342.407338537787,
          2355.3059321348037
        ]
      },
      "peak_timing": {
        "mean": 27.8425,
        "std": 0.730714547549178
      },
      "hospital_days": {
        "mean": 7715.990650163174,
        "std": 19.732087099044882,
        "ci": [
          7715.990650163174,
          7713.216742490561,
          7718.711134146176
        ]
      },
      "total_infections": {
        "mean": 9939.77,
        "std": 3.515266703964295
      },
      "epidemic_duration": {
        "mean": 89.01375,
        "std": 3.768885569700943
      }
    },
    "system_ai": {
      "attack_rate": {
        "mean": 0.9927075,
        "std": 0.0002723852969600206,
        "ci": [
          0.9927075,
          0.9926689999999999,
          0.9927455000000001
        ]
      },
      "peak_incidence": {
        "mean": 2558.79727075083,
        "std": 30.89840670784477,
        "ci": [
          2558.79727075083,
          2554.4779378551398,
          2562.996733911969
        ]
      },
      "peak_timing": {
        "mean": 26.395,
        "std": 0.6266777481289725
      },
      "hospital_days": {
        "mean": 7170.126043637556,
        "std": 36.44095014663208,
        "ci": [
          7170.126043637556,
          7165.10631713632,
          7175.123327230776
        ]
      },
      "total_infections": {
        "mean": 9927.075,
        "std": 2.7238529696002316
      },
      "epidemic_duration": {
        "mean": 82.49375,
        "std": 3.286852360161618
      }
    },
    "combined": {
      "attack_rate": {
        "mean": 0.835222,
        "std": 0.005310547617713261,
        "ci": [
          0.835222,
          0.8344885,
          0.8359525250000001
        ]
      },
      "peak_incidence": {
        "mean": 1192.26,
        "std": 43.27981515672173,
        "ci": [
          1192.26,
          1186.284875,
          1198.27
        ]
      },
      "peak_timing": {
        "mean": 30.165,
        "std": 1.647619494907729
      },
      "hospital_days": {
        "mean": 5366.5025399999995,
        "std": 59.50827549600476,
        "ci": [
          5366.5025399999995,
          5358.292879499999,
          5374.842129000001
        ]
      },
      "total_infections": {
        "mean": 8352.22,
        "std": 53.105476177132616
      },
      "epidemic_duration": {
        "mean": 140.3025,
        "std": 16.103466047717802
      }
    }
  },
  "comparisons": {
    "baseline_vs_patient_ai": {
      "attack_rate": {
        "mean_diff": 0.005628500000000049,
        "ci_lower": 0.005578754660991696,
        "ci_upper": 0.005678245339008402,
        "p_value": 9.064180351334561e-241,
        "cohens_d": 15.776934334028844,
        "t_statistic": 223.11954507853326,
        "n": 200
      },
      "peak_incidence": {
        "mean_diff": 614.7961780888866,
        "ci_lower": 608.2057505570592,
        "ci_upper": 621.3866056207139,
        "p_value": 3.609702820943954e-224,
        "cohens_d": 13.00768204091466,
        "t_statistic": 183.9564035729845,
        "n": 200
      },
      "hospital_days": {
        "mean_diff": -30.883803110309497,
        "ci_lower": -34.60622370362181,
        "ci_upper": -27.16138251699719,
        "p_value": 1.0968704674207246e-38,
        "cohens_d": -1.1568783010603292,
        "t_statistic": -16.36072983374662,
        "n": 200
      }
    },
    "baseline_vs_system_ai": {
      "attack_rate": {
        "mean_diff": 0.006898000000000035,
        "ci_lower": 0.006859085590439867,
        "ci_upper": 0.006936914409560203,
        "p_value": 1.817065988137009e-279,
        "cohens_d": 24.71696183773181,
        "t_statistic": 349.55062651578544,
        "n": 200
      },
      "peak_incidence": {
        "mean_diff": 404.77965480317357,
        "ci_lower": 399.961924347589,
        "ci_upper": 409.59738525875815,
        "p_value": 3.482056403239775e-215,
        "cohens_d": 11.715437725340427,
        "t_statistic": 165.6813092031384,
        "n": 200
      },
      "hospital_days": {
        "mean_diff": 514.9808034153087,
        "ci_lower": 509.27371375803796,
        "ci_upper": 520.6878930725795,
        "p_value": 2.5941369441423133e-221,
        "cohens_d": 12.582260936974995,
        "t_statistic": 177.94004062387248,
        "n": 200
      }
    },
    "baseline_vs_combined": {
      "attack_rate": {
        "mean_diff": 0.16438350000000004,
        "ci_lower": 0.16364110994929737,
        "ci_upper": 0.16512589005070272,
        "p_value": 1.1440166303198268e-298,
        "cohens_d": 30.87510352669111,
        "t_statistic": 436.63990147119944,
        "n": 200
      },
      "peak_incidence": {
        "mean_diff": 1771.316925554004,
        "ci_lower": 1765.0663861628793,
        "ci_upper": 1777.5674649451287,
        "p_value": 0.0,
        "cohens_d": 39.51492103620515,
        "t_statistic": 558.8253724550324,
        "n": 200
      },
      "hospital_days": {
        "mean_diff": 2318.604307052865,
        "ci_lower": 2309.9453309840296,
        "ci_upper": 2327.2632831217,
        "p_value": 0.0,
        "cohens_d": 37.337259765809236,
        "t_statistic": 528.0285914265471,
        "n": 200
      }
    },
    "patient_ai_vs_system_ai": {
      "attack_rate": {
        "mean_diff": 0.001269499999999985,
        "ci_lower": 0.0012095831842547713,
        "ci_upper": 0.0013294168157451988,
        "p_value": 1.865659729032985e-100,
        "cohens_d": 2.9543797826388634,
        "t_statistic": 41.78123957008758,
        "n": 200
      },
      "peak_incidence": {
        "mean_diff": -210.0165232857129,
        "ci_lower": -217.54990590952173,
        "ci_upper": -202.4831406619041,
        "p_value": 2.8441165739466196e-122,
        "cohens_d": -3.8872796166322403,
        "t_statistic": -54.97443554577799,
        "n": 200
      },
      "hospital_days": {
        "mean_diff": 545.8646065256183,
        "ci_lower": 540.2597876461122,
        "ci_upper": 551.4694254051245,
        "p_value": 7.174196786847266e-228,
        "cohens_d": 13.580185284599368,
        "t_statistic": 192.05282209019956,
        "n": 200
      }
    },
    "patient_ai_vs_combined": {
      "attack_rate": {
        "mean_diff": 0.158755,
        "ci_lower": 0.1580158797272896,
        "ci_upper": 0.15949412027271043,
        "p_value": 4.843532453508662e-296,
        "cohens_d": 29.949849223448517,
        "t_statistic": 423.554829628302,
        "n": 200
      },